{
  "summary": {
    "successRate": 1.0,
    "total": 480.004852541,
    "slowest": 470.501480583,
    "fastest": 30.005674583,
    "average": 244.5588559355326,
    "requestsPerSec": 1.4374854677975637,
    "totalData": 1140430,
    "sizePerRequest": 1781,
    "sizePerSec": 2375.871814551269
  },
  "responseTimeHistogram": {
    "118.104835783": 40,
    "162.15441638299998": 80,
    "206.203996983": 60,
    "250.253577583": 60,
    "294.30315818299994": 60,
    "30.005674583": 1,
    "338.35273878299995": 70,
    "382.40231938299996": 40,
    "426.451899983": 70,
    "470.501480583": 70,
    "74.055255183": 89
  },
  "latencyPercentiles": {
    "p10": 60.128751125,
    "p25": 129.638481,
    "p50": 249.285439042,
    "p75": 360.3297895,
    "p90": 427.107630333,
    "p95": 450.183950458,
    "p99": 470.477797042,
    "p99.9": 470.501480583,
    "p99.99": 470.501480583
  },
  "responseTimeHistogramSuccessful": {
    "110.1593810583": 9,
    "150.19739211659999": 10,
    "190.2354031749": 0,
    "230.27341423320001": 10,
    "270.31142529150003": 0,
    "310.3494363498": 10,
    "350.3874474081": 10,
    "390.4254584664": 0,
    "430.46346952470003": 10,
    "470.50148058300005": 10,
    "70.12137": 1
  },
  "latencyPercentilesSuccessful": {
    "p10": 70.148917375,
    "p25": 137.017522291,
    "p50": 271.017565917,
    "p75": 404.14018475,
    "p90": 470.477797042,
    "p95": 470.490596708,
    "p99": 470.501480583,
    "p99.9": 470.501480583,
    "p99.99": 470.501480583
  },
  "responseTimeHistogramNotSuccessful": {
    "116.7472631082": 40,
    "160.11805737080002": 70,
    "203.4888516334": 50,
    "246.859645896": 50,
    "290.2304401586": 50,
    "30.005674583": 1,
    "333.60123442120005": 70,
    "376.9720286838": 40,
    "420.3428229464": 60,
    "463.71361720899995": 60,
    "73.3764688456": 79
  },
  "latencyPercentilesNotSuccessful": {
    "p10": 60.108815375,
    "p25": 119.982295542,
    "p50": 239.492802292,
    "p75": 359.029678292,
    "p90": 427.1022555,
    "p95": 450.005514,
    "p99": 463.677129167,
    "p99.9": 463.713617209,
    "p99.99": 463.713617209
  },
  "rps": {
    "mean": 2904.041179703411,
    "stddev": 13804.975195058752,
    "max": 152858.452544593,
    "min": 0.03323932803630916,
    "percentiles": {
      "p10": 0.14265159464600718,
      "p25": 14.11839437034773,
      "p50": 84.93681295678545,
      "p75": 942.9329883563789,
      "p90": 4355.51925970745,
      "p95": 7596.143437834445,
      "p99": 40578.74305065177,
      "p99.9": 152858.452544593,
      "p99.99": 152858.452544593
    }
  },
  "details": {
    "DNSDialup": {
      "average": 0.0006032687086206892,
      "fastest": 0.000070459,
      "slowest": 0.016077375
    },
    "DNSLookup": {
      "average": 0.00005132472068965516,
      "fastest": 1.917e-6,
      "slowest": 0.002764125
    }
  },
  "statusCodeDistribution": {
    "200": 70,
    "500": 570
  },
  "errorDistribution": {
    "aborted due to deadline": 50
  }
}