{
    "summary": {
      "successRate": 0.9879314506396332,
      "total": 60.008433916,
      "slowest": 1.129253458,
      "fastest": 0.001235291,
      "average": 0.027807446801948712,
      "requestsPerSec": 553.1555788718811,
      "totalData": 3634584,
      "sizePerRequest": 111,
      "sizePerSec": 60567.88625891658
    },
    "responseTimeHistogram": {
      "0.001235291": 1,
      "0.1140371077": 32259,
      "0.2268389244": 196,
      "0.33964074110000003": 46,
      "0.45244255780000003": 107,
      "0.5652443745": 128,
      "0.6780461912": 0,
      "0.7908480079": 0,
      "0.9036498246": 0,
      "1.0164516413": 0,
      "1.129253458": 7
    },
    "latencyPercentiles": {
      "p10": 0.013544375,
      "p25": 0.015724834,
      "p50": 0.019681583,
      "p75": 0.0275115,
      "p90": 0.041400458,
      "p95": 0.05440825,
      "p99": 0.20931975,
      "p99.9": 0.538255125,
      "p99.99": 1.117255708
    },
    "rps": {
      "mean": 30121.809589453573,
      "stddev": 825650.900337647,
      "max": 24390243.99783371,
      "min": 0.1832694663312559,
      "percentiles": {
        "p10": 107.17682836973451,
        "p25": 1216.3806330713237,
        "p50": 2178.131538607988,
        "p75": 3016.325863737582,
        "p90": 3536.00823263436,
        "p95": 3746.8661321872537,
        "p99": 5403.309527081896,
        "p99.9": 24390243.99783371,
        "p99.99": 24390243.99783371
      }
    },
    "details": {
      "DNSDialup": {
        "average": 0.0003873222395858792,
        "fastest": 0.000034416,
        "slowest": 1.104861
      },
      "DNSLookup": {
        "average": 4.966543946982658e-6,
        "fastest": 1.208e-6,
        "slowest": 0.00081525
      }
    },
    "statusCodeDistribution": {
      "500": 32744
    },
    "errorDistribution": {
      "aborted due to deadline": 50,
      "timeout": 400
    }
  }
  